1,国内,「10増10減」法案 付帯決議採択へ
2,国内,第8波の入り口に 知事会が危機感
3,国内,税の無駄など455億円 検査院報告
4,国内,「質問権」行使の基準案まとまる
5,国内,接種の全額国費廃止すべき 財務省
6,国内,新ワクチン開始1カ月 接種率5%台
7,国内,性教育を受けた子 親が受けた衝撃
8,国際,韓国事故 前署長ら6人を本格捜査
9,国際,今回の米中間選挙 重要な理由5つ
10,国際,米中間選挙 民主党の劣勢が鮮明
11,国際,中国 10月は輸出入ともに減少
12,国際,北のミサイル残骸か 韓国軍回収
13,国際,北朝鮮 2〜5日の発射「軍事作戦」
14,国際,米高官 プーチン氏側近と極秘協議
15,国際,事故 尹大統領「警察の革新必要」
16,経済,経団連会長 ベア中心の賃上げ求む
17,経済,日鉄君津 基準超シアンまた流出
18,経済,じん肺訴訟 三菱重工に賠償命令
19,経済,ライフ創業、清水信次氏が死去
20,経済,ETC割引狙い 路肩埋めるトラック
21,経済,ヤクルト1000に続け 睡眠市場活況
22,経済,「コロナで暇」起業した大学4年生
23,経済,ブルドックソース 2月に再値上げ
24,経済,DJ松永 早大学祭でのやゆ謝罪
25,経済,くにおさん 突然の別れに芸人驚き
26,経済,兄弟漫才・酒井くにおさん死去
27,経済,滝沢秀明氏Twitterアカ開設 報道
28,経済,三谷幸喜氏 自ら代役になると発表
29,経済,市川新之助 ノーミス堂々初舞台
30,経済,業界では定番? 横澤夏子の泣き芸
31,経済,松嶋菜々子 21年ぶり2回目の大河
32,スポーツ,森保監督 代替招集はDFに限らず
33,スポーツ,宇佐見と高城れに結婚 新庄氏驚き
34,スポーツ,オリ 能見コーチらと来季契約せず
35,スポーツ,筒香ら日本選手3人がFAに MLB
36,スポーツ,ロコ・ソラーレV 日韓対決を制す
37,スポーツ,18歳渡部葉月 世界体操でV
38,スポーツ,大迫傑が力走 マラソン復帰戦5位
39,スポーツ,磐田新監督に中山雅史氏ら浮上
40,IT,ツイッター 日本でも半数が解雇か
41,IT,TW 解雇従業員一部に復帰要請か
42,IT,病院サイバー攻撃 給食業者経由か
43,IT,民間のデジタル技術 カタログ化へ
44,IT,松野氏 TW認証バッジは動向注視
45,IT,Twitterなりすまし永久凍結 方針
46,IT,子狙うネット詐欺 #中学生副業も
47,IT,メタが大規模な人員削減検討 報道
48,科学,作った血液を人体で臨床試験 英国
49,科学,角膜移植コロナ禍で減少 識者警鐘
50,科学,COP27 先進国と途上国の対立鮮明
51,科学,第8波の兆し ピーク11月中にも?
52,科学,おくるみにリスク? 医師が解説
53,科学,働く男性のむちゃ食い 医師警鐘
54,科学,日本のコロナ研究論文 薄い存在感
55,科学,「天気の子」東京水没の雨量計算
56,地域,安倍氏銃撃 複数の容疑で追送検か
57,地域,バス置き去り 児童がクラクション
58,地域,タワマン男児転落 手すり登ったか
59,地域,急斜面に太陽光パネル 住民は懸念
60,地域,北海道 百年記念塔の解体準備開始
61,地域,キムタク出演 落選者観覧で混乱も
62,地域,信長まつり2日で62万人来場 最多
63,地域,撮影禁止の授業参観 絵に残した母
